i_item_sk,i_item_id,i_item_desc,i_category,i_current_price,i_wholesale_cost
1,ITEM0000000001,Product Name 1,Home,364.4,839.1
2,ITEM0000000002,Product Name 2,Books,499.46,494.74
3,ITEM0000000003,Product Name 3,Clothing,226.04,489.5
4,ITEM0000000004,Product Name 4,Home,278.2,548.0
5,ITEM0000000005,Product Name 5,Sports,466.76,870.91
6,ITEM0000000006,Product Name 6,Furniture,123.21,389.14
7,ITEM0000000007,Product Name 7,Garden,388.89,53.21
8,ITEM0000000008,Product Name 8,Furniture,239.12,914.3
9,ITEM0000000009,Product Name 9,Sports,196.11,667.05
10,ITEM0000000010,Product Name 10,Garden,327.75,160.58
11,ITEM0000000011,Product Name 11,Electronics,67.49,965.7
12,ITEM0000000012,Product Name 12,Home,435.5,875.45
13,ITEM0000000013,Product Name 13,Sports,54.36,911.34
14,ITEM0000000014,Product Name 14,Electronics,362.61,415.88
15,ITEM0000000015,Product Name 15,Furniture,485.13,84.08
16,ITEM0000000016,Product Name 16,Garden,484.76,345.18
17,ITEM0000000017,Product Name 17,Furniture,201.75,89.51
18,ITEM0000000018,Product Name 18,Home,426.91,860.75
19,ITEM0000000019,Product Name 19,Sports,477.3,630.53
20,ITEM0000000020,Product Name 20,Garden,246.53,545.61
21,ITEM0000000021,Product Name 21,Books,38.87,634.85
22,ITEM0000000022,Product Name 22,Home,498.73,749.3
23,ITEM0000000023,Product Name 23,Sports,489.28,762.77
24,ITEM0000000024,Product Name 24,Furniture,436.93,449.24
25,ITEM0000000025,Product Name 25,Furniture,153.24,38.66
26,ITEM0000000026,Product Name 26,Home,399.09,300.43
27,ITEM0000000027,Product Name 27,Home,218.19,251.76
28,ITEM0000000028,Product Name 28,Sports,285.13,794.59
29,ITEM0000000029,Product Name 29,Clothing,91.66,613.4
30,ITEM0000000030,Product Name 30,Sports,311.76,248.42
31,ITEM0000000031,Product Name 31,Books,75.84,466.54
32,ITEM0000000032,Product Name 32,Home,232.49,670.17
33,ITEM0000000033,Product Name 33,Garden,235.3,294.76
34,ITEM0000000034,Product Name 34,Books,83.2,447.31
35,ITEM0000000035,Product Name 35,Home,493.89,306.16
36,ITEM0000000036,Product Name 36,Sports,346.71,462.27
37,ITEM0000000037,Product Name 37,Home,103.61,390.85
38,ITEM0000000038,Product Name 38,Sports,57.79,387.55
39,ITEM0000000039,Product Name 39,Home,289.53,992.77
40,ITEM0000000040,Product Name 40,Home,15.86,831.74
41,ITEM0000000041,Product Name 41,Sports,140.87,570.27
42,ITEM0000000042,Product Name 42,Furniture,390.26,973.87
43,ITEM0000000043,Product Name 43,Books,373.86,834.51
44,ITEM0000000044,Product Name 44,Home,388.99,237.82
45,ITEM0000000045,Product Name 45,Garden,179.4,640.25
46,ITEM0000000046,Product Name 46,Books,129.06,758.02
47,ITEM0000000047,Product Name 47,Garden,331.29,839.95
48,ITEM0000000048,Product Name 48,Furniture,53.1,631.18
49,ITEM0000000049,Product Name 49,Electronics,157.92,446.41
50,ITEM0000000050,Product Name 50,Books,185.61,140.1
51,ITEM0000000051,Product Name 51,Home,166.73,421.35
52,ITEM0000000052,Product Name 52,Clothing,70.42,544.01
53,ITEM0000000053,Product Name 53,Home,267.77,914.35
54,ITEM0000000054,Product Name 54,Garden,86.45,914.91
55,ITEM0000000055,Product Name 55,Sports,483.86,302.19
56,ITEM0000000056,Product Name 56,Garden,172.66,124.02
57,ITEM0000000057,Product Name 57,Electronics,74.67,966.84
58,ITEM0000000058,Product Name 58,Garden,339.78,677.66
59,ITEM0000000059,Product Name 59,Sports,483.8,806.54
60,ITEM0000000060,Product Name 60,Home,49.7,400.63
61,ITEM0000000061,Product Name 61,Home,270.6,460.24
62,ITEM0000000062,Product Name 62,Furniture,375.76,269.54
63,ITEM0000000063,Product Name 63,Sports,412.1,940.89
64,ITEM0000000064,Product Name 64,Electronics,339.04,476.76
65,ITEM0000000065,Product Name 65,Books,442.7,565.79
66,ITEM0000000066,Product Name 66,Books,114.58,72.58
67,ITEM0000000067,Product Name 67,Garden,234.81,704.07
68,ITEM0000000068,Product Name 68,Furniture,207.11,148.38
69,ITEM0000000069,Product Name 69,Electronics,155.66,497.7
70,ITEM0000000070,Product Name 70,Electronics,121.23,542.17
71,ITEM0000000071,Product Name 71,Sports,229.55,673.78
72,ITEM0000000072,Product Name 72,Furniture,349.76,544.79
73,ITEM0000000073,Product Name 73,Books,372.42,162.98
74,ITEM0000000074,Product Name 74,Sports,329.19,835.36
75,ITEM0000000075,Product Name 75,Books,207.02,952.01
76,ITEM0000000076,Product Name 76,Electronics,346.69,225.1
77,ITEM0000000077,Product Name 77,Sports,475.52,856.9
78,ITEM0000000078,Product Name 78,Electronics,490.56,373.66
79,ITEM0000000079,Product Name 79,Furniture,182.54,404.16
80,ITEM0000000080,Product Name 80,Clothing,484.26,949.52
81,ITEM0000000081,Product Name 81,Garden,230.09,666.14
82,ITEM0000000082,Product Name 82,Furniture,321.55,971.38
83,ITEM0000000083,Product Name 83,Electronics,394.46,251.13
84,ITEM0000000084,Product Name 84,Clothing,394.55,213.15
85,ITEM0000000085,Product Name 85,Garden,383.75,215.09
86,ITEM0000000086,Product Name 86,Clothing,407.46,240.67
87,ITEM0000000087,Product Name 87,Garden,78.04,901.53
88,ITEM0000000088,Product Name 88,Electronics,142.25,984.19
89,ITEM0000000089,Product Name 89,Clothing,272.41,800.53
90,ITEM0000000090,Product Name 90,Electronics,332.22,35.52
91,ITEM0000000091,Product Name 91,Electronics,182.33,790.55
92,ITEM0000000092,Product Name 92,Books,165.27,182.5
93,ITEM0000000093,Product Name 93,Electronics,67.75,426.75
94,ITEM0000000094,Product Name 94,Electronics,374.1,481.48
95,ITEM0000000095,Product Name 95,Garden,184.21,597.73
96,ITEM0000000096,Product Name 96,Sports,254.4,945.96
97,ITEM0000000097,Product Name 97,Electronics,364.99,909.66
98,ITEM0000000098,Product Name 98,Furniture,263.12,463.46
99,ITEM0000000099,Product Name 99,Electronics,35.11,484.19
100,ITEM0000000100,Product Name 100,Sports,216.01,116.88
101,ITEM0000000101,Product Name 101,Furniture,455.3,82.76
102,ITEM0000000102,Product Name 102,Electronics,164.45,156.85
103,ITEM0000000103,Product Name 103,Clothing,141.13,636.75
104,ITEM0000000104,Product Name 104,Books,357.52,387.1
105,ITEM0000000105,Product Name 105,Books,267.63,459.18
106,ITEM0000000106,Product Name 106,Books,217.95,795.17
107,ITEM0000000107,Product Name 107,Electronics,427.13,654.41
108,ITEM0000000108,Product Name 108,Garden,277.91,866.84
109,ITEM0000000109,Product Name 109,Sports,228.52,236.21
110,ITEM0000000110,Product Name 110,Home,414.57,404.74
111,ITEM0000000111,Product Name 111,Furniture,52.07,432.5
112,ITEM0000000112,Product Name 112,Furniture,131.17,954.06
113,ITEM0000000113,Product Name 113,Furniture,461.88,76.46
114,ITEM0000000114,Product Name 114,Garden,47.26,437.56
115,ITEM0000000115,Product Name 115,Furniture,370.7,813.65
116,ITEM0000000116,Product Name 116,Books,34.69,957.06
117,ITEM0000000117,Product Name 117,Books,168.17,131.01
118,ITEM0000000118,Product Name 118,Home,437.44,941.72
119,ITEM0000000119,Product Name 119,Sports,434.71,723.85
120,ITEM0000000120,Product Name 120,Home,302.2,358.13
121,ITEM0000000121,Product Name 121,Books,256.17,163.18
122,ITEM0000000122,Product Name 122,Sports,116.0,117.14
123,ITEM0000000123,Product Name 123,Garden,280.35,123.74
124,ITEM0000000124,Product Name 124,Home,289.18,809.15
125,ITEM0000000125,Product Name 125,Garden,282.68,769.76
126,ITEM0000000126,Product Name 126,Books,308.72,646.27
127,ITEM0000000127,Product Name 127,Electronics,306.45,661.25
128,ITEM0000000128,Product Name 128,Furniture,137.39,188.61
129,ITEM0000000129,Product Name 129,Furniture,382.39,922.32
130,ITEM0000000130,Product Name 130,Home,8.02,871.16
131,ITEM0000000131,Product Name 131,Books,330.39,78.89
132,ITEM0000000132,Product Name 132,Furniture,318.42,40.35
133,ITEM0000000133,Product Name 133,Furniture,267.59,382.43
134,ITEM0000000134,Product Name 134,Sports,173.74,376.35
135,ITEM0000000135,Product Name 135,Furniture,165.57,941.99
136,ITEM0000000136,Product Name 136,Books,47.05,62.08
137,ITEM0000000137,Product Name 137,Clothing,378.45,59.26
138,ITEM0000000138,Product Name 138,Electronics,139.69,665.32
139,ITEM0000000139,Product Name 139,Sports,305.5,420.04
140,ITEM0000000140,Product Name 140,Clothing,378.7,122.68
141,ITEM0000000141,Product Name 141,Sports,59.89,681.44
142,ITEM0000000142,Product Name 142,Books,245.88,670.46
143,ITEM0000000143,Product Name 143,Electronics,114.16,984.6
144,ITEM0000000144,Product Name 144,Electronics,8.81,308.41
145,ITEM0000000145,Product Name 145,Clothing,384.84,766.52
146,ITEM0000000146,Product Name 146,Home,167.42,17.65
147,ITEM0000000147,Product Name 147,Furniture,218.17,137.89
148,ITEM0000000148,Product Name 148,Books,353.32,505.26
149,ITEM0000000149,Product Name 149,Garden,335.68,360.63
150,ITEM0000000150,Product Name 150,Sports,431.57,51.88
151,ITEM0000000151,Product Name 151,Electronics,232.58,87.08
152,ITEM0000000152,Product Name 152,Home,290.0,577.67
153,ITEM0000000153,Product Name 153,Furniture,321.87,296.62
154,ITEM0000000154,Product Name 154,Sports,15.32,331.52
155,ITEM0000000155,Product Name 155,Garden,474.07,465.5
156,ITEM0000000156,Product Name 156,Furniture,460.29,97.25
157,ITEM0000000157,Product Name 157,Garden,57.4,441.32
158,ITEM0000000158,Product Name 158,Sports,264.36,401.81
159,ITEM0000000159,Product Name 159,Home,374.17,229.36
160,ITEM0000000160,Product Name 160,Garden,88.23,515.38
161,ITEM0000000161,Product Name 161,Electronics,267.65,201.96
162,ITEM0000000162,Product Name 162,Garden,177.94,730.11
163,ITEM0000000163,Product Name 163,Garden,324.49,156.21
164,ITEM0000000164,Product Name 164,Electronics,77.49,205.3
165,ITEM0000000165,Product Name 165,Books,80.67,761.56
166,ITEM0000000166,Product Name 166,Electronics,92.69,775.12
167,ITEM0000000167,Product Name 167,Sports,234.66,568.1
168,ITEM0000000168,Product Name 168,Books,227.21,924.91
169,ITEM0000000169,Product Name 169,Books,323.28,986.67
170,ITEM0000000170,Product Name 170,Home,432.8,630.95
171,ITEM0000000171,Product Name 171,Clothing,222.68,474.23
172,ITEM0000000172,Product Name 172,Furniture,154.9,281.93
173,ITEM0000000173,Product Name 173,Electronics,179.21,83.45
174,ITEM0000000174,Product Name 174,Sports,228.7,66.32
175,ITEM0000000175,Product Name 175,Garden,147.1,648.22
176,ITEM0000000176,Product Name 176,Garden,49.7,598.14
177,ITEM0000000177,Product Name 177,Sports,234.04,558.77
178,ITEM0000000178,Product Name 178,Garden,370.77,50.61
179,ITEM0000000179,Product Name 179,Garden,287.97,196.36
180,ITEM0000000180,Product Name 180,Books,240.44,159.35
181,ITEM0000000181,Product Name 181,Electronics,228.01,812.86
182,ITEM0000000182,Product Name 182,Garden,175.0,717.17
183,ITEM0000000183,Product Name 183,Books,324.83,48.75
184,ITEM0000000184,Product Name 184,Furniture,221.69,445.03
185,ITEM0000000185,Product Name 185,Books,306.85,370.26
186,ITEM0000000186,Product Name 186,Home,196.77,776.72
187,ITEM0000000187,Product Name 187,Furniture,300.95,791.33
188,ITEM0000000188,Product Name 188,Furniture,170.65,336.39
189,ITEM0000000189,Product Name 189,Books,340.8,291.31
190,ITEM0000000190,Product Name 190,Furniture,426.53,964.77
191,ITEM0000000191,Product Name 191,Books,437.27,340.03
192,ITEM0000000192,Product Name 192,Books,333.49,917.58
193,ITEM0000000193,Product Name 193,Home,484.01,701.5
194,ITEM0000000194,Product Name 194,Sports,68.83,711.75
195,ITEM0000000195,Product Name 195,Electronics,158.24,382.91
196,ITEM0000000196,Product Name 196,Garden,167.6,136.52
197,ITEM0000000197,Product Name 197,Furniture,415.33,741.39
198,ITEM0000000198,Product Name 198,Furniture,456.66,102.52
199,ITEM0000000199,Product Name 199,Furniture,214.59,368.21
200,ITEM0000000200,Product Name 200,Home,157.89,951.66
201,ITEM0000000201,Product Name 201,Home,474.1,491.41
202,ITEM0000000202,Product Name 202,Clothing,499.99,163.4
203,ITEM0000000203,Product Name 203,Home,422.99,110.13
204,ITEM0000000204,Product Name 204,Garden,272.19,741.26
205,ITEM0000000205,Product Name 205,Books,23.69,343.4
206,ITEM0000000206,Product Name 206,Garden,310.93,601.27
207,ITEM0000000207,Product Name 207,Clothing,85.31,833.03
208,ITEM0000000208,Product Name 208,Garden,314.25,903.63
209,ITEM0000000209,Product Name 209,Furniture,221.65,416.75
210,ITEM0000000210,Product Name 210,Furniture,361.19,969.89
211,ITEM0000000211,Product Name 211,Books,146.04,751.05
212,ITEM0000000212,Product Name 212,Sports,120.83,246.78
213,ITEM0000000213,Product Name 213,Garden,393.26,904.93
214,ITEM0000000214,Product Name 214,Clothing,187.08,947.66
215,ITEM0000000215,Product Name 215,Sports,233.53,288.95
216,ITEM0000000216,Product Name 216,Sports,253.94,424.47
217,ITEM0000000217,Product Name 217,Clothing,409.36,803.25
218,ITEM0000000218,Product Name 218,Clothing,437.14,61.66
219,ITEM0000000219,Product Name 219,Sports,437.69,559.0
220,ITEM0000000220,Product Name 220,Electronics,357.14,520.75
221,ITEM0000000221,Product Name 221,Electronics,146.11,765.49
222,ITEM0000000222,Product Name 222,Home,227.41,518.22
223,ITEM0000000223,Product Name 223,Garden,221.55,946.95
224,ITEM0000000224,Product Name 224,Clothing,409.27,885.78
225,ITEM0000000225,Product Name 225,Electronics,210.37,402.49
226,ITEM0000000226,Product Name 226,Home,121.71,994.58
227,ITEM0000000227,Product Name 227,Home,116.15,325.5
228,ITEM0000000228,Product Name 228,Electronics,420.39,653.46
229,ITEM0000000229,Product Name 229,Garden,77.29,47.92
230,ITEM0000000230,Product Name 230,Garden,238.87,832.8
231,ITEM0000000231,Product Name 231,Garden,354.24,454.12
232,ITEM0000000232,Product Name 232,Electronics,453.4,28.81
233,ITEM0000000233,Product Name 233,Clothing,418.31,553.32
234,ITEM0000000234,Product Name 234,Furniture,306.4,429.02
235,ITEM0000000235,Product Name 235,Garden,147.61,308.14
236,ITEM0000000236,Product Name 236,Electronics,123.03,642.56
237,ITEM0000000237,Product Name 237,Books,231.27,119.75
238,ITEM0000000238,Product Name 238,Sports,300.39,26.27
239,ITEM0000000239,Product Name 239,Books,289.65,721.36
240,ITEM0000000240,Product Name 240,Home,217.47,618.66
241,ITEM0000000241,Product Name 241,Clothing,287.48,195.44
242,ITEM0000000242,Product Name 242,Furniture,47.38,974.91
243,ITEM0000000243,Product Name 243,Electronics,476.93,548.64
244,ITEM0000000244,Product Name 244,Garden,494.22,558.61
245,ITEM0000000245,Product Name 245,Sports,437.3,53.1
246,ITEM0000000246,Product Name 246,Sports,490.61,261.11
247,ITEM0000000247,Product Name 247,Electronics,181.76,76.88
248,ITEM0000000248,Product Name 248,Clothing,367.81,631.97
249,ITEM0000000249,Product Name 249,Garden,293.04,759.11
250,ITEM0000000250,Product Name 250,Clothing,26.95,550.55
251,ITEM0000000251,Product Name 251,Garden,323.18,832.08
252,ITEM0000000252,Product Name 252,Furniture,234.99,698.44
253,ITEM0000000253,Product Name 253,Furniture,95.23,143.5
254,ITEM0000000254,Product Name 254,Furniture,389.21,463.1
255,ITEM0000000255,Product Name 255,Home,104.79,793.2
256,ITEM0000000256,Product Name 256,Electronics,161.22,316.98
257,ITEM0000000257,Product Name 257,Sports,494.62,547.6
258,ITEM0000000258,Product Name 258,Home,23.13,650.43
259,ITEM0000000259,Product Name 259,Home,181.7,783.03
260,ITEM0000000260,Product Name 260,Garden,329.59,280.48
261,ITEM0000000261,Product Name 261,Garden,187.17,890.59
262,ITEM0000000262,Product Name 262,Furniture,222.67,956.91
263,ITEM0000000263,Product Name 263,Home,486.99,501.24
264,ITEM0000000264,Product Name 264,Sports,186.84,799.32
265,ITEM0000000265,Product Name 265,Home,401.57,729.81
266,ITEM0000000266,Product Name 266,Electronics,218.15,995.15
267,ITEM0000000267,Product Name 267,Clothing,275.01,328.0
268,ITEM0000000268,Product Name 268,Electronics,167.32,302.68
269,ITEM0000000269,Product Name 269,Sports,303.3,431.85
270,ITEM0000000270,Product Name 270,Furniture,224.73,452.66
271,ITEM0000000271,Product Name 271,Furniture,435.67,359.03
272,ITEM0000000272,Product Name 272,Sports,140.9,980.23
273,ITEM0000000273,Product Name 273,Electronics,42.15,641.14
274,ITEM0000000274,Product Name 274,Home,258.98,752.4
275,ITEM0000000275,Product Name 275,Clothing,476.63,151.35
276,ITEM0000000276,Product Name 276,Books,340.65,443.79
277,ITEM0000000277,Product Name 277,Clothing,38.28,780.73
278,ITEM0000000278,Product Name 278,Home,184.26,949.97
279,ITEM0000000279,Product Name 279,Electronics,304.52,682.27
280,ITEM0000000280,Product Name 280,Home,189.15,765.45
281,ITEM0000000281,Product Name 281,Books,73.16,373.28
282,ITEM0000000282,Product Name 282,Home,326.53,257.12
283,ITEM0000000283,Product Name 283,Electronics,17.83,194.19
284,ITEM0000000284,Product Name 284,Books,196.56,566.06
285,ITEM0000000285,Product Name 285,Home,388.61,707.0
286,ITEM0000000286,Product Name 286,Clothing,498.2,292.72
287,ITEM0000000287,Product Name 287,Sports,104.09,144.37
288,ITEM0000000288,Product Name 288,Electronics,228.76,899.69
289,ITEM0000000289,Product Name 289,Sports,498.64,812.41
290,ITEM0000000290,Product Name 290,Garden,493.35,671.16
291,ITEM0000000291,Product Name 291,Furniture,37.14,546.75
292,ITEM0000000292,Product Name 292,Home,426.42,714.69
293,ITEM0000000293,Product Name 293,Furniture,320.66,795.76
294,ITEM0000000294,Product Name 294,Books,116.0,985.28
295,ITEM0000000295,Product Name 295,Garden,73.74,792.47
296,ITEM0000000296,Product Name 296,Electronics,183.64,576.55
297,ITEM0000000297,Product Name 297,Sports,402.81,556.13
298,ITEM0000000298,Product Name 298,Books,442.7,75.09
299,ITEM0000000299,Product Name 299,Sports,499.8,721.68
300,ITEM0000000300,Product Name 300,Books,208.34,415.34
301,ITEM0000000301,Product Name 301,Books,41.51,972.66
302,ITEM0000000302,Product Name 302,Furniture,41.71,471.17
303,ITEM0000000303,Product Name 303,Books,175.53,879.18
304,ITEM0000000304,Product Name 304,Garden,277.9,591.91
305,ITEM0000000305,Product Name 305,Garden,483.3,438.29
306,ITEM0000000306,Product Name 306,Garden,32.43,132.92
307,ITEM0000000307,Product Name 307,Clothing,155.54,170.35
308,ITEM0000000308,Product Name 308,Furniture,116.61,948.01
309,ITEM0000000309,Product Name 309,Books,447.99,847.47
310,ITEM0000000310,Product Name 310,Home,102.17,956.79
311,ITEM0000000311,Product Name 311,Home,66.96,309.8
312,ITEM0000000312,Product Name 312,Books,51.25,644.58
313,ITEM0000000313,Product Name 313,Books,471.1,162.65
314,ITEM0000000314,Product Name 314,Furniture,314.12,902.98
315,ITEM0000000315,Product Name 315,Home,422.05,567.98
316,ITEM0000000316,Product Name 316,Garden,432.57,90.41
317,ITEM0000000317,Product Name 317,Furniture,386.66,272.01
318,ITEM0000000318,Product Name 318,Clothing,384.64,422.42
319,ITEM0000000319,Product Name 319,Furniture,19.99,890.11
320,ITEM0000000320,Product Name 320,Books,148.39,957.08
321,ITEM0000000321,Product Name 321,Sports,126.21,809.28
322,ITEM0000000322,Product Name 322,Sports,152.23,82.24
323,ITEM0000000323,Product Name 323,Electronics,83.25,421.47
324,ITEM0000000324,Product Name 324,Sports,105.99,610.59
325,ITEM0000000325,Product Name 325,Home,431.44,326.12
326,ITEM0000000326,Product Name 326,Garden,175.96,404.73
327,ITEM0000000327,Product Name 327,Garden,188.42,566.03
328,ITEM0000000328,Product Name 328,Home,124.66,131.3
329,ITEM0000000329,Product Name 329,Sports,127.72,105.84
330,ITEM0000000330,Product Name 330,Home,472.97,865.52
331,ITEM0000000331,Product Name 331,Sports,127.89,866.65
332,ITEM0000000332,Product Name 332,Clothing,407.67,934.41
333,ITEM0000000333,Product Name 333,Furniture,159.79,765.49
334,ITEM0000000334,Product Name 334,Sports,498.0,472.15
335,ITEM0000000335,Product Name 335,Home,251.2,99.15
336,ITEM0000000336,Product Name 336,Sports,255.2,967.02
337,ITEM0000000337,Product Name 337,Clothing,293.76,58.17
338,ITEM0000000338,Product Name 338,Home,249.97,883.52
339,ITEM0000000339,Product Name 339,Furniture,337.9,292.89
340,ITEM0000000340,Product Name 340,Electronics,424.35,436.62
341,ITEM0000000341,Product Name 341,Home,365.12,766.22
342,ITEM0000000342,Product Name 342,Home,27.39,60.65
343,ITEM0000000343,Product Name 343,Books,101.35,557.69
344,ITEM0000000344,Product Name 344,Electronics,196.24,455.85
345,ITEM0000000345,Product Name 345,Books,143.46,989.2
346,ITEM0000000346,Product Name 346,Furniture,307.47,137.38
347,ITEM0000000347,Product Name 347,Electronics,199.98,796.95
348,ITEM0000000348,Product Name 348,Home,281.13,371.95
349,ITEM0000000349,Product Name 349,Clothing,103.53,514.03
350,ITEM0000000350,Product Name 350,Books,24.93,48.52
351,ITEM0000000351,Product Name 351,Furniture,169.86,479.01
352,ITEM0000000352,Product Name 352,Sports,78.73,894.2
353,ITEM0000000353,Product Name 353,Clothing,167.34,616.94
354,ITEM0000000354,Product Name 354,Clothing,199.51,620.34
355,ITEM0000000355,Product Name 355,Garden,153.12,343.01
356,ITEM0000000356,Product Name 356,Garden,257.31,494.95
357,ITEM0000000357,Product Name 357,Books,153.4,817.59
358,ITEM0000000358,Product Name 358,Home,168.96,118.51
359,ITEM0000000359,Product Name 359,Sports,293.93,798.79
360,ITEM0000000360,Product Name 360,Furniture,436.69,632.97
361,ITEM0000000361,Product Name 361,Books,239.92,967.4
362,ITEM0000000362,Product Name 362,Garden,486.17,582.69
363,ITEM0000000363,Product Name 363,Clothing,362.09,587.69
364,ITEM0000000364,Product Name 364,Clothing,264.5,723.97
365,ITEM0000000365,Product Name 365,Garden,421.38,156.3
366,ITEM0000000366,Product Name 366,Furniture,124.89,576.84
367,ITEM0000000367,Product Name 367,Furniture,59.4,28.75
368,ITEM0000000368,Product Name 368,Home,212.3,418.83
369,ITEM0000000369,Product Name 369,Clothing,208.14,777.22
370,ITEM0000000370,Product Name 370,Sports,437.04,738.48
371,ITEM0000000371,Product Name 371,Electronics,354.36,523.5
372,ITEM0000000372,Product Name 372,Books,165.9,665.6
373,ITEM0000000373,Product Name 373,Books,191.53,957.12
374,ITEM0000000374,Product Name 374,Sports,456.5,348.9
375,ITEM0000000375,Product Name 375,Home,339.55,868.98
376,ITEM0000000376,Product Name 376,Furniture,323.44,696.38
377,ITEM0000000377,Product Name 377,Books,244.67,957.76
378,ITEM0000000378,Product Name 378,Home,281.25,232.62
379,ITEM0000000379,Product Name 379,Home,386.73,707.85
380,ITEM0000000380,Product Name 380,Furniture,353.97,323.87
381,ITEM0000000381,Product Name 381,Home,282.44,935.14
382,ITEM0000000382,Product Name 382,Furniture,140.36,130.66
383,ITEM0000000383,Product Name 383,Furniture,273.88,896.8
384,ITEM0000000384,Product Name 384,Sports,410.1,955.06
385,ITEM0000000385,Product Name 385,Garden,77.51,51.65
386,ITEM0000000386,Product Name 386,Furniture,44.12,924.77
387,ITEM0000000387,Product Name 387,Furniture,131.94,484.29
388,ITEM0000000388,Product Name 388,Clothing,414.84,278.42
389,ITEM0000000389,Product Name 389,Books,349.6,145.9
390,ITEM0000000390,Product Name 390,Books,371.74,246.89
391,ITEM0000000391,Product Name 391,Electronics,336.57,535.73
392,ITEM0000000392,Product Name 392,Furniture,120.25,109.2
393,ITEM0000000393,Product Name 393,Home,360.09,109.54
394,ITEM0000000394,Product Name 394,Garden,73.05,964.87
395,ITEM0000000395,Product Name 395,Clothing,206.42,935.68
396,ITEM0000000396,Product Name 396,Sports,241.34,207.46
397,ITEM0000000397,Product Name 397,Home,163.98,649.44
398,ITEM0000000398,Product Name 398,Garden,49.28,578.39
399,ITEM0000000399,Product Name 399,Books,370.65,851.83
400,ITEM0000000400,Product Name 400,Electronics,457.05,183.31
401,ITEM0000000401,Product Name 401,Garden,92.02,920.44
402,ITEM0000000402,Product Name 402,Garden,201.51,500.43
403,ITEM0000000403,Product Name 403,Furniture,481.26,926.78
404,ITEM0000000404,Product Name 404,Electronics,9.59,572.28
405,ITEM0000000405,Product Name 405,Electronics,464.59,341.69
406,ITEM0000000406,Product Name 406,Sports,494.6,547.87
407,ITEM0000000407,Product Name 407,Sports,445.18,142.86
408,ITEM0000000408,Product Name 408,Books,236.67,200.88
409,ITEM0000000409,Product Name 409,Electronics,168.69,733.81
410,ITEM0000000410,Product Name 410,Furniture,132.35,194.34
411,ITEM0000000411,Product Name 411,Furniture,171.87,302.07
412,ITEM0000000412,Product Name 412,Furniture,379.85,183.74
413,ITEM0000000413,Product Name 413,Garden,321.17,411.44
414,ITEM0000000414,Product Name 414,Sports,260.06,95.87
415,ITEM0000000415,Product Name 415,Furniture,52.22,981.87
416,ITEM0000000416,Product Name 416,Sports,165.18,255.57
417,ITEM0000000417,Product Name 417,Home,194.87,452.27
418,ITEM0000000418,Product Name 418,Home,477.25,308.93
419,ITEM0000000419,Product Name 419,Furniture,288.57,268.94
420,ITEM0000000420,Product Name 420,Home,347.92,71.5
421,ITEM0000000421,Product Name 421,Electronics,235.37,168.12
422,ITEM0000000422,Product Name 422,Furniture,253.75,896.17
423,ITEM0000000423,Product Name 423,Furniture,386.07,693.39
424,ITEM0000000424,Product Name 424,Furniture,458.48,302.09
425,ITEM0000000425,Product Name 425,Books,114.32,957.79
426,ITEM0000000426,Product Name 426,Sports,80.83,750.26
427,ITEM0000000427,Product Name 427,Books,189.94,704.92
428,ITEM0000000428,Product Name 428,Sports,379.89,803.98
429,ITEM0000000429,Product Name 429,Garden,113.11,254.99
430,ITEM0000000430,Product Name 430,Garden,299.93,789.5
431,ITEM0000000431,Product Name 431,Books,226.14,706.73
432,ITEM0000000432,Product Name 432,Electronics,459.04,121.09
433,ITEM0000000433,Product Name 433,Garden,276.09,510.43
434,ITEM0000000434,Product Name 434,Books,270.65,172.89
435,ITEM0000000435,Product Name 435,Garden,262.57,125.08
436,ITEM0000000436,Product Name 436,Clothing,359.87,493.94
437,ITEM0000000437,Product Name 437,Books,225.51,65.08
438,ITEM0000000438,Product Name 438,Clothing,259.06,462.23
439,ITEM0000000439,Product Name 439,Electronics,281.6,676.04
440,ITEM0000000440,Product Name 440,Home,363.02,401.99
441,ITEM0000000441,Product Name 441,Garden,6.49,225.72
442,ITEM0000000442,Product Name 442,Electronics,27.42,351.08
443,ITEM0000000443,Product Name 443,Electronics,272.88,69.65
444,ITEM0000000444,Product Name 444,Electronics,493.14,477.35
445,ITEM0000000445,Product Name 445,Home,207.39,771.28
446,ITEM0000000446,Product Name 446,Garden,322.55,732.0
447,ITEM0000000447,Product Name 447,Sports,190.36,892.42
448,ITEM0000000448,Product Name 448,Sports,435.46,907.7
449,ITEM0000000449,Product Name 449,Sports,44.72,964.5
450,ITEM0000000450,Product Name 450,Garden,271.95,657.0
451,ITEM0000000451,Product Name 451,Home,63.72,992.92
452,ITEM0000000452,Product Name 452,Sports,266.78,730.58
453,ITEM0000000453,Product Name 453,Clothing,418.24,758.62
454,ITEM0000000454,Product Name 454,Home,234.19,721.9
455,ITEM0000000455,Product Name 455,Sports,268.31,825.13
456,ITEM0000000456,Product Name 456,Clothing,233.01,163.57
457,ITEM0000000457,Product Name 457,Clothing,469.02,727.77
458,ITEM0000000458,Product Name 458,Electronics,20.95,663.6
459,ITEM0000000459,Product Name 459,Books,384.2,884.92
460,ITEM0000000460,Product Name 460,Electronics,124.13,76.62
461,ITEM0000000461,Product Name 461,Books,21.62,601.81
462,ITEM0000000462,Product Name 462,Furniture,436.75,252.29
463,ITEM0000000463,Product Name 463,Electronics,204.12,242.0
464,ITEM0000000464,Product Name 464,Clothing,378.42,778.3
465,ITEM0000000465,Product Name 465,Clothing,254.43,296.37
466,ITEM0000000466,Product Name 466,Garden,458.62,580.35
467,ITEM0000000467,Product Name 467,Books,300.97,675.81
468,ITEM0000000468,Product Name 468,Home,122.27,877.5
469,ITEM0000000469,Product Name 469,Furniture,263.02,419.42
470,ITEM0000000470,Product Name 470,Home,35.17,949.04
471,ITEM0000000471,Product Name 471,Furniture,456.23,629.73
472,ITEM0000000472,Product Name 472,Sports,280.15,56.42
473,ITEM0000000473,Product Name 473,Home,471.09,674.63
474,ITEM0000000474,Product Name 474,Garden,264.61,699.35
475,ITEM0000000475,Product Name 475,Sports,78.86,382.7
476,ITEM0000000476,Product Name 476,Garden,271.27,248.56
477,ITEM0000000477,Product Name 477,Clothing,153.86,710.5
478,ITEM0000000478,Product Name 478,Garden,234.2,67.05
479,ITEM0000000479,Product Name 479,Sports,484.05,561.71
480,ITEM0000000480,Product Name 480,Clothing,197.27,262.45
481,ITEM0000000481,Product Name 481,Home,325.12,923.0
482,ITEM0000000482,Product Name 482,Garden,188.68,540.28
483,ITEM0000000483,Product Name 483,Garden,99.29,275.78
484,ITEM0000000484,Product Name 484,Furniture,304.46,49.15
485,ITEM0000000485,Product Name 485,Electronics,98.14,764.08
486,ITEM0000000486,Product Name 486,Furniture,337.37,224.85
487,ITEM0000000487,Product Name 487,Clothing,435.39,339.63
488,ITEM0000000488,Product Name 488,Electronics,109.84,198.12
489,ITEM0000000489,Product Name 489,Furniture,63.07,999.58
490,ITEM0000000490,Product Name 490,Sports,457.65,698.67
491,ITEM0000000491,Product Name 491,Furniture,106.23,915.98
492,ITEM0000000492,Product Name 492,Books,164.2,290.23
493,ITEM0000000493,Product Name 493,Sports,269.16,365.67
494,ITEM0000000494,Product Name 494,Home,183.02,883.98
495,ITEM0000000495,Product Name 495,Sports,53.81,981.51
496,ITEM0000000496,Product Name 496,Sports,382.01,327.03
497,ITEM0000000497,Product Name 497,Clothing,188.5,419.79
498,ITEM0000000498,Product Name 498,Books,432.72,743.84
499,ITEM0000000499,Product Name 499,Electronics,134.08,935.41
500,ITEM0000000500,Product Name 500,Books,361.41,302.24
501,ITEM0000000501,Product Name 501,Clothing,168.28,386.04
502,ITEM0000000502,Product Name 502,Garden,126.64,555.14
503,ITEM0000000503,Product Name 503,Furniture,172.09,765.73
504,ITEM0000000504,Product Name 504,Sports,483.42,645.28
505,ITEM0000000505,Product Name 505,Sports,233.11,735.44
506,ITEM0000000506,Product Name 506,Home,88.79,723.11
507,ITEM0000000507,Product Name 507,Sports,96.1,890.47
508,ITEM0000000508,Product Name 508,Furniture,478.83,528.7
509,ITEM0000000509,Product Name 509,Garden,424.12,945.74
510,ITEM0000000510,Product Name 510,Furniture,29.01,16.32
511,ITEM0000000511,Product Name 511,Clothing,422.06,239.12
512,ITEM0000000512,Product Name 512,Furniture,79.76,226.53
513,ITEM0000000513,Product Name 513,Sports,189.73,621.66
514,ITEM0000000514,Product Name 514,Furniture,467.28,913.62
515,ITEM0000000515,Product Name 515,Furniture,246.49,16.55
516,ITEM0000000516,Product Name 516,Books,208.61,26.56
517,ITEM0000000517,Product Name 517,Furniture,141.0,977.7
518,ITEM0000000518,Product Name 518,Electronics,253.6,700.88
519,ITEM0000000519,Product Name 519,Sports,404.05,910.68
520,ITEM0000000520,Product Name 520,Electronics,459.43,529.14
521,ITEM0000000521,Product Name 521,Clothing,100.01,531.19
522,ITEM0000000522,Product Name 522,Garden,180.45,796.99
523,ITEM0000000523,Product Name 523,Electronics,189.66,411.97
524,ITEM0000000524,Product Name 524,Books,125.39,700.26
525,ITEM0000000525,Product Name 525,Home,343.6,849.39
526,ITEM0000000526,Product Name 526,Furniture,495.88,653.4
527,ITEM0000000527,Product Name 527,Electronics,51.28,385.47
528,ITEM0000000528,Product Name 528,Books,240.62,640.38
529,ITEM0000000529,Product Name 529,Furniture,89.83,504.86
530,ITEM0000000530,Product Name 530,Sports,324.23,337.96
531,ITEM0000000531,Product Name 531,Garden,487.05,895.84
532,ITEM0000000532,Product Name 532,Electronics,118.73,902.26
533,ITEM0000000533,Product Name 533,Furniture,444.34,480.75
534,ITEM0000000534,Product Name 534,Electronics,462.46,687.58
535,ITEM0000000535,Product Name 535,Home,450.16,567.87
536,ITEM0000000536,Product Name 536,Electronics,93.78,851.92
537,ITEM0000000537,Product Name 537,Electronics,480.93,591.17
538,ITEM0000000538,Product Name 538,Garden,411.24,822.69
539,ITEM0000000539,Product Name 539,Electronics,153.14,568.32
540,ITEM0000000540,Product Name 540,Books,418.15,395.27
541,ITEM0000000541,Product Name 541,Books,169.21,758.05
542,ITEM0000000542,Product Name 542,Clothing,396.3,692.42
543,ITEM0000000543,Product Name 543,Electronics,252.89,974.58
544,ITEM0000000544,Product Name 544,Electronics,53.35,239.82
545,ITEM0000000545,Product Name 545,Electronics,173.59,771.32
546,ITEM0000000546,Product Name 546,Books,201.37,775.82
547,ITEM0000000547,Product Name 547,Electronics,318.89,785.71
548,ITEM0000000548,Product Name 548,Sports,247.85,362.25
549,ITEM0000000549,Product Name 549,Sports,218.76,682.9
550,ITEM0000000550,Product Name 550,Furniture,193.14,774.45
551,ITEM0000000551,Product Name 551,Home,400.04,715.98
552,ITEM0000000552,Product Name 552,Electronics,137.65,386.2
553,ITEM0000000553,Product Name 553,Garden,318.78,742.26
554,ITEM0000000554,Product Name 554,Home,183.55,100.61
555,ITEM0000000555,Product Name 555,Home,225.14,763.73
556,ITEM0000000556,Product Name 556,Electronics,70.59,195.52
557,ITEM0000000557,Product Name 557,Sports,280.71,517.32
558,ITEM0000000558,Product Name 558,Electronics,18.0,360.38
559,ITEM0000000559,Product Name 559,Electronics,300.48,786.59
560,ITEM0000000560,Product Name 560,Garden,195.69,298.93
561,ITEM0000000561,Product Name 561,Sports,390.69,727.6
562,ITEM0000000562,Product Name 562,Books,453.08,978.39
563,ITEM0000000563,Product Name 563,Books,262.95,688.46
564,ITEM0000000564,Product Name 564,Clothing,73.73,308.12
565,ITEM0000000565,Product Name 565,Sports,77.24,175.54
566,ITEM0000000566,Product Name 566,Home,213.45,489.39
567,ITEM0000000567,Product Name 567,Electronics,183.76,944.78
568,ITEM0000000568,Product Name 568,Furniture,314.39,597.87
569,ITEM0000000569,Product Name 569,Clothing,231.64,144.13
570,ITEM0000000570,Product Name 570,Electronics,474.67,338.9
571,ITEM0000000571,Product Name 571,Books,193.05,863.58
572,ITEM0000000572,Product Name 572,Sports,170.69,817.32
573,ITEM0000000573,Product Name 573,Garden,327.26,598.45
574,ITEM0000000574,Product Name 574,Home,163.73,947.81
575,ITEM0000000575,Product Name 575,Clothing,242.11,185.86
576,ITEM0000000576,Product Name 576,Sports,484.52,298.53
577,ITEM0000000577,Product Name 577,Furniture,318.29,968.09
578,ITEM0000000578,Product Name 578,Garden,125.0,382.29
579,ITEM0000000579,Product Name 579,Garden,394.0,371.37
580,ITEM0000000580,Product Name 580,Books,103.9,997.29
581,ITEM0000000581,Product Name 581,Clothing,342.45,554.6
582,ITEM0000000582,Product Name 582,Furniture,233.5,711.28
583,ITEM0000000583,Product Name 583,Sports,399.85,832.97
584,ITEM0000000584,Product Name 584,Electronics,410.39,797.7
585,ITEM0000000585,Product Name 585,Sports,338.12,147.79
586,ITEM0000000586,Product Name 586,Home,124.8,662.08
587,ITEM0000000587,Product Name 587,Furniture,214.45,383.22
588,ITEM0000000588,Product Name 588,Sports,495.4,484.44
589,ITEM0000000589,Product Name 589,Sports,269.51,924.26
590,ITEM0000000590,Product Name 590,Garden,347.4,548.21
591,ITEM0000000591,Product Name 591,Garden,484.37,704.62
592,ITEM0000000592,Product Name 592,Garden,270.77,641.8
593,ITEM0000000593,Product Name 593,Electronics,59.14,255.75
594,ITEM0000000594,Product Name 594,Furniture,180.73,650.53
595,ITEM0000000595,Product Name 595,Electronics,283.79,648.58
596,ITEM0000000596,Product Name 596,Furniture,202.81,755.16
597,ITEM0000000597,Product Name 597,Garden,218.08,20.44
598,ITEM0000000598,Product Name 598,Home,114.89,749.38
599,ITEM0000000599,Product Name 599,Books,292.36,579.48
600,ITEM0000000600,Product Name 600,Sports,190.19,468.43
601,ITEM0000000601,Product Name 601,Furniture,296.35,505.46
602,ITEM0000000602,Product Name 602,Home,498.86,487.94
603,ITEM0000000603,Product Name 603,Home,210.91,962.11
604,ITEM0000000604,Product Name 604,Electronics,416.5,732.85
605,ITEM0000000605,Product Name 605,Home,159.39,460.78
606,ITEM0000000606,Product Name 606,Clothing,262.95,354.82
607,ITEM0000000607,Product Name 607,Electronics,221.89,699.8
608,ITEM0000000608,Product Name 608,Home,38.25,54.24
609,ITEM0000000609,Product Name 609,Furniture,61.97,850.69
610,ITEM0000000610,Product Name 610,Furniture,59.13,802.05
611,ITEM0000000611,Product Name 611,Furniture,125.74,182.71
612,ITEM0000000612,Product Name 612,Clothing,168.84,432.11
613,ITEM0000000613,Product Name 613,Sports,119.77,411.0
614,ITEM0000000614,Product Name 614,Clothing,97.26,660.73
615,ITEM0000000615,Product Name 615,Sports,19.45,617.97
616,ITEM0000000616,Product Name 616,Clothing,227.54,435.26
617,ITEM0000000617,Product Name 617,Electronics,353.84,213.73
618,ITEM0000000618,Product Name 618,Garden,353.36,798.05
619,ITEM0000000619,Product Name 619,Books,55.37,873.26
620,ITEM0000000620,Product Name 620,Clothing,186.07,205.1
621,ITEM0000000621,Product Name 621,Electronics,134.86,864.01
622,ITEM0000000622,Product Name 622,Books,483.13,320.27
623,ITEM0000000623,Product Name 623,Sports,307.6,591.13
624,ITEM0000000624,Product Name 624,Home,179.23,463.28
625,ITEM0000000625,Product Name 625,Clothing,407.8,708.93
626,ITEM0000000626,Product Name 626,Home,459.75,594.27
627,ITEM0000000627,Product Name 627,Furniture,71.3,126.68
628,ITEM0000000628,Product Name 628,Home,62.89,379.57
629,ITEM0000000629,Product Name 629,Clothing,257.86,424.06
630,ITEM0000000630,Product Name 630,Clothing,289.53,428.81
631,ITEM0000000631,Product Name 631,Sports,319.57,696.5
632,ITEM0000000632,Product Name 632,Furniture,465.69,181.5
633,ITEM0000000633,Product Name 633,Clothing,247.37,148.89
634,ITEM0000000634,Product Name 634,Home,421.78,623.22
635,ITEM0000000635,Product Name 635,Garden,182.72,19.49
636,ITEM0000000636,Product Name 636,Clothing,101.59,390.1
637,ITEM0000000637,Product Name 637,Books,255.19,500.02
638,ITEM0000000638,Product Name 638,Furniture,248.4,713.04
639,ITEM0000000639,Product Name 639,Sports,246.91,91.84
640,ITEM0000000640,Product Name 640,Electronics,398.96,228.32
641,ITEM0000000641,Product Name 641,Electronics,141.05,542.23
642,ITEM0000000642,Product Name 642,Clothing,391.47,569.99
643,ITEM0000000643,Product Name 643,Garden,384.13,554.23
644,ITEM0000000644,Product Name 644,Electronics,288.49,275.21
645,ITEM0000000645,Product Name 645,Books,412.52,373.19
646,ITEM0000000646,Product Name 646,Garden,379.61,762.4
647,ITEM0000000647,Product Name 647,Sports,275.44,989.88
648,ITEM0000000648,Product Name 648,Electronics,369.31,657.13
649,ITEM0000000649,Product Name 649,Clothing,152.37,999.32
650,ITEM0000000650,Product Name 650,Sports,135.09,863.58
651,ITEM0000000651,Product Name 651,Electronics,222.34,994.02
652,ITEM0000000652,Product Name 652,Garden,406.89,217.78
653,ITEM0000000653,Product Name 653,Furniture,296.02,357.12
654,ITEM0000000654,Product Name 654,Furniture,307.08,433.89
655,ITEM0000000655,Product Name 655,Books,73.92,214.55
656,ITEM0000000656,Product Name 656,Clothing,403.69,574.37
657,ITEM0000000657,Product Name 657,Books,144.14,543.38
658,ITEM0000000658,Product Name 658,Home,489.61,299.71
659,ITEM0000000659,Product Name 659,Books,137.33,859.44
660,ITEM0000000660,Product Name 660,Furniture,408.51,144.23
661,ITEM0000000661,Product Name 661,Garden,393.92,919.58
662,ITEM0000000662,Product Name 662,Home,434.19,135.62
663,ITEM0000000663,Product Name 663,Garden,70.68,154.78
664,ITEM0000000664,Product Name 664,Home,415.1,763.86
665,ITEM0000000665,Product Name 665,Furniture,199.39,150.75
666,ITEM0000000666,Product Name 666,Furniture,138.01,420.08
667,ITEM0000000667,Product Name 667,Sports,42.38,796.65
668,ITEM0000000668,Product Name 668,Garden,51.08,520.46
669,ITEM0000000669,Product Name 669,Home,348.88,878.54
670,ITEM0000000670,Product Name 670,Sports,475.38,334.02
671,ITEM0000000671,Product Name 671,Electronics,435.11,848.7
672,ITEM0000000672,Product Name 672,Electronics,366.81,463.86
673,ITEM0000000673,Product Name 673,Furniture,350.16,851.61
674,ITEM0000000674,Product Name 674,Garden,269.54,225.65
675,ITEM0000000675,Product Name 675,Sports,413.3,499.77
676,ITEM0000000676,Product Name 676,Home,415.03,344.38
677,ITEM0000000677,Product Name 677,Books,69.64,853.9
678,ITEM0000000678,Product Name 678,Garden,175.15,685.73
679,ITEM0000000679,Product Name 679,Electronics,27.74,629.92
680,ITEM0000000680,Product Name 680,Garden,232.49,132.99
681,ITEM0000000681,Product Name 681,Garden,83.2,461.95
682,ITEM0000000682,Product Name 682,Sports,105.15,691.71
683,ITEM0000000683,Product Name 683,Clothing,441.66,308.85
684,ITEM0000000684,Product Name 684,Garden,466.7,281.28
685,ITEM0000000685,Product Name 685,Furniture,183.42,91.6
686,ITEM0000000686,Product Name 686,Furniture,452.38,173.87
687,ITEM0000000687,Product Name 687,Sports,314.67,728.73
688,ITEM0000000688,Product Name 688,Garden,120.9,658.93
689,ITEM0000000689,Product Name 689,Furniture,52.12,221.29
690,ITEM0000000690,Product Name 690,Electronics,70.69,233.93
691,ITEM0000000691,Product Name 691,Furniture,225.31,17.98
692,ITEM0000000692,Product Name 692,Home,409.47,988.27
693,ITEM0000000693,Product Name 693,Sports,348.55,482.92
694,ITEM0000000694,Product Name 694,Clothing,194.62,733.46
695,ITEM0000000695,Product Name 695,Electronics,56.08,373.89
696,ITEM0000000696,Product Name 696,Home,72.88,775.73
697,ITEM0000000697,Product Name 697,Garden,437.88,645.16
698,ITEM0000000698,Product Name 698,Furniture,75.71,535.2
699,ITEM0000000699,Product Name 699,Electronics,307.11,172.48
700,ITEM0000000700,Product Name 700,Home,362.6,631.8
701,ITEM0000000701,Product Name 701,Clothing,460.35,619.92
702,ITEM0000000702,Product Name 702,Sports,430.68,95.82
703,ITEM0000000703,Product Name 703,Electronics,74.31,131.93
704,ITEM0000000704,Product Name 704,Furniture,195.1,963.62
705,ITEM0000000705,Product Name 705,Home,396.58,255.31
706,ITEM0000000706,Product Name 706,Furniture,46.7,557.86
707,ITEM0000000707,Product Name 707,Books,361.98,292.07
708,ITEM0000000708,Product Name 708,Furniture,18.28,848.6
709,ITEM0000000709,Product Name 709,Home,106.7,610.86
710,ITEM0000000710,Product Name 710,Clothing,375.18,302.59
711,ITEM0000000711,Product Name 711,Electronics,392.98,795.84
712,ITEM0000000712,Product Name 712,Clothing,249.97,121.62
713,ITEM0000000713,Product Name 713,Sports,320.85,80.3
714,ITEM0000000714,Product Name 714,Electronics,493.51,934.59
715,ITEM0000000715,Product Name 715,Clothing,196.48,840.58
716,ITEM0000000716,Product Name 716,Sports,185.88,686.11
717,ITEM0000000717,Product Name 717,Garden,238.15,987.49
718,ITEM0000000718,Product Name 718,Electronics,13.26,76.86
719,ITEM0000000719,Product Name 719,Home,111.79,923.35
720,ITEM0000000720,Product Name 720,Garden,202.0,293.62
721,ITEM0000000721,Product Name 721,Furniture,253.02,421.28
722,ITEM0000000722,Product Name 722,Furniture,204.13,644.13
723,ITEM0000000723,Product Name 723,Books,309.94,284.69
724,ITEM0000000724,Product Name 724,Home,44.12,921.72
725,ITEM0000000725,Product Name 725,Garden,81.91,333.48
726,ITEM0000000726,Product Name 726,Books,318.98,836.18
727,ITEM0000000727,Product Name 727,Furniture,323.36,317.07
728,ITEM0000000728,Product Name 728,Sports,366.33,848.0
729,ITEM0000000729,Product Name 729,Electronics,126.02,925.38
730,ITEM0000000730,Product Name 730,Electronics,229.42,612.74
731,ITEM0000000731,Product Name 731,Home,334.71,661.47
732,ITEM0000000732,Product Name 732,Clothing,64.12,710.82
733,ITEM0000000733,Product Name 733,Furniture,10.62,501.45
734,ITEM0000000734,Product Name 734,Home,263.89,785.16
735,ITEM0000000735,Product Name 735,Furniture,133.33,378.15
736,ITEM0000000736,Product Name 736,Furniture,391.66,276.08
737,ITEM0000000737,Product Name 737,Electronics,386.86,39.06
738,ITEM0000000738,Product Name 738,Garden,217.52,528.62
739,ITEM0000000739,Product Name 739,Home,357.6,580.89
740,ITEM0000000740,Product Name 740,Electronics,250.59,515.67
741,ITEM0000000741,Product Name 741,Electronics,252.31,571.22
742,ITEM0000000742,Product Name 742,Home,82.87,775.6
743,ITEM0000000743,Product Name 743,Books,338.69,124.18
744,ITEM0000000744,Product Name 744,Furniture,256.87,53.6
745,ITEM0000000745,Product Name 745,Garden,11.08,55.52
746,ITEM0000000746,Product Name 746,Home,194.57,158.58
747,ITEM0000000747,Product Name 747,Garden,22.5,805.08
748,ITEM0000000748,Product Name 748,Furniture,371.63,425.18
749,ITEM0000000749,Product Name 749,Home,127.89,916.7
750,ITEM0000000750,Product Name 750,Home,139.27,87.11
751,ITEM0000000751,Product Name 751,Home,64.1,676.59
752,ITEM0000000752,Product Name 752,Electronics,93.78,806.29
753,ITEM0000000753,Product Name 753,Electronics,477.27,78.24
754,ITEM0000000754,Product Name 754,Sports,433.69,775.79
755,ITEM0000000755,Product Name 755,Home,167.01,557.56
756,ITEM0000000756,Product Name 756,Electronics,187.62,298.68
757,ITEM0000000757,Product Name 757,Garden,155.44,626.49
758,ITEM0000000758,Product Name 758,Sports,187.3,972.14
759,ITEM0000000759,Product Name 759,Garden,389.06,735.14
760,ITEM0000000760,Product Name 760,Books,381.44,252.68
761,ITEM0000000761,Product Name 761,Electronics,466.54,33.67
762,ITEM0000000762,Product Name 762,Books,176.48,841.18
763,ITEM0000000763,Product Name 763,Electronics,475.74,11.45
764,ITEM0000000764,Product Name 764,Furniture,191.26,740.7
765,ITEM0000000765,Product Name 765,Home,56.45,534.52
766,ITEM0000000766,Product Name 766,Clothing,212.81,961.57
767,ITEM0000000767,Product Name 767,Clothing,357.27,102.1
768,ITEM0000000768,Product Name 768,Clothing,449.16,524.56
769,ITEM0000000769,Product Name 769,Furniture,448.31,463.87
770,ITEM0000000770,Product Name 770,Furniture,47.03,104.62
771,ITEM0000000771,Product Name 771,Clothing,320.42,400.41
772,ITEM0000000772,Product Name 772,Books,286.07,440.63
773,ITEM0000000773,Product Name 773,Clothing,122.2,268.38
774,ITEM0000000774,Product Name 774,Home,463.39,399.02
775,ITEM0000000775,Product Name 775,Garden,369.0,324.88
776,ITEM0000000776,Product Name 776,Home,120.64,944.12
777,ITEM0000000777,Product Name 777,Clothing,391.07,588.86
778,ITEM0000000778,Product Name 778,Clothing,57.3,455.07
779,ITEM0000000779,Product Name 779,Home,206.22,540.57
780,ITEM0000000780,Product Name 780,Garden,107.78,315.22
781,ITEM0000000781,Product Name 781,Home,426.98,99.52
782,ITEM0000000782,Product Name 782,Garden,344.6,828.12
783,ITEM0000000783,Product Name 783,Furniture,303.63,222.87
784,ITEM0000000784,Product Name 784,Garden,167.26,100.3
785,ITEM0000000785,Product Name 785,Clothing,484.36,402.28
786,ITEM0000000786,Product Name 786,Electronics,340.21,267.57
787,ITEM0000000787,Product Name 787,Clothing,20.39,410.35
788,ITEM0000000788,Product Name 788,Sports,280.2,554.62
789,ITEM0000000789,Product Name 789,Electronics,233.71,805.86
790,ITEM0000000790,Product Name 790,Clothing,65.12,71.05
791,ITEM0000000791,Product Name 791,Garden,491.37,139.41
792,ITEM0000000792,Product Name 792,Garden,203.29,689.42
793,ITEM0000000793,Product Name 793,Furniture,46.6,590.26
794,ITEM0000000794,Product Name 794,Garden,42.12,997.19
795,ITEM0000000795,Product Name 795,Clothing,451.74,449.0
796,ITEM0000000796,Product Name 796,Clothing,50.53,848.8
797,ITEM0000000797,Product Name 797,Garden,169.12,52.27
798,ITEM0000000798,Product Name 798,Sports,30.07,924.89
799,ITEM0000000799,Product Name 799,Sports,411.73,401.05
800,ITEM0000000800,Product Name 800,Electronics,194.45,432.4
801,ITEM0000000801,Product Name 801,Home,111.28,195.28
802,ITEM0000000802,Product Name 802,Home,225.78,157.15
803,ITEM0000000803,Product Name 803,Books,311.49,253.33
804,ITEM0000000804,Product Name 804,Home,251.95,883.95
805,ITEM0000000805,Product Name 805,Sports,35.18,286.98
806,ITEM0000000806,Product Name 806,Clothing,212.52,646.23
807,ITEM0000000807,Product Name 807,Garden,265.28,634.45
808,ITEM0000000808,Product Name 808,Garden,274.11,29.33
809,ITEM0000000809,Product Name 809,Sports,392.05,365.52
810,ITEM0000000810,Product Name 810,Books,391.81,350.59
811,ITEM0000000811,Product Name 811,Books,253.68,394.5
812,ITEM0000000812,Product Name 812,Clothing,17.9,601.15
813,ITEM0000000813,Product Name 813,Electronics,448.4,780.75
814,ITEM0000000814,Product Name 814,Electronics,405.28,476.97
815,ITEM0000000815,Product Name 815,Home,384.59,999.61
816,ITEM0000000816,Product Name 816,Clothing,54.57,660.3
817,ITEM0000000817,Product Name 817,Home,269.18,793.32
818,ITEM0000000818,Product Name 818,Furniture,32.67,996.43
819,ITEM0000000819,Product Name 819,Clothing,289.97,982.84
820,ITEM0000000820,Product Name 820,Sports,180.63,840.83
821,ITEM0000000821,Product Name 821,Garden,90.99,244.19
822,ITEM0000000822,Product Name 822,Home,404.07,700.65
823,ITEM0000000823,Product Name 823,Books,18.96,703.56
824,ITEM0000000824,Product Name 824,Books,283.99,567.48
825,ITEM0000000825,Product Name 825,Clothing,419.16,812.3
826,ITEM0000000826,Product Name 826,Sports,273.35,183.8
827,ITEM0000000827,Product Name 827,Electronics,49.68,240.3
828,ITEM0000000828,Product Name 828,Clothing,14.86,483.21
829,ITEM0000000829,Product Name 829,Home,459.36,209.45
830,ITEM0000000830,Product Name 830,Clothing,173.68,185.69
831,ITEM0000000831,Product Name 831,Garden,422.92,330.35
832,ITEM0000000832,Product Name 832,Electronics,78.12,707.65
833,ITEM0000000833,Product Name 833,Clothing,388.31,848.02
834,ITEM0000000834,Product Name 834,Garden,185.62,81.81
835,ITEM0000000835,Product Name 835,Furniture,471.25,401.64
836,ITEM0000000836,Product Name 836,Electronics,171.6,329.38
837,ITEM0000000837,Product Name 837,Clothing,367.51,442.5
838,ITEM0000000838,Product Name 838,Furniture,480.53,652.69
839,ITEM0000000839,Product Name 839,Clothing,355.06,566.36
840,ITEM0000000840,Product Name 840,Books,394.56,231.0
841,ITEM0000000841,Product Name 841,Books,408.15,384.6
842,ITEM0000000842,Product Name 842,Furniture,345.81,136.07
843,ITEM0000000843,Product Name 843,Furniture,5.89,704.99
844,ITEM0000000844,Product Name 844,Books,198.84,994.34
845,ITEM0000000845,Product Name 845,Books,21.03,606.36
846,ITEM0000000846,Product Name 846,Garden,483.93,228.69
847,ITEM0000000847,Product Name 847,Books,56.53,501.22
848,ITEM0000000848,Product Name 848,Home,373.94,245.62
849,ITEM0000000849,Product Name 849,Home,88.1,886.47
850,ITEM0000000850,Product Name 850,Electronics,411.72,673.32
851,ITEM0000000851,Product Name 851,Furniture,443.89,452.16
852,ITEM0000000852,Product Name 852,Home,108.79,696.24
853,ITEM0000000853,Product Name 853,Home,132.05,116.95
854,ITEM0000000854,Product Name 854,Electronics,28.83,443.84
855,ITEM0000000855,Product Name 855,Sports,484.71,885.71
856,ITEM0000000856,Product Name 856,Sports,441.48,357.72
857,ITEM0000000857,Product Name 857,Sports,55.21,484.69
858,ITEM0000000858,Product Name 858,Garden,291.14,760.66
859,ITEM0000000859,Product Name 859,Clothing,85.51,82.97
860,ITEM0000000860,Product Name 860,Garden,21.54,29.88
861,ITEM0000000861,Product Name 861,Home,476.07,83.46
862,ITEM0000000862,Product Name 862,Clothing,444.53,169.3
863,ITEM0000000863,Product Name 863,Electronics,275.79,899.14
864,ITEM0000000864,Product Name 864,Electronics,172.29,985.42
865,ITEM0000000865,Product Name 865,Sports,353.73,437.01
866,ITEM0000000866,Product Name 866,Furniture,86.67,890.86
867,ITEM0000000867,Product Name 867,Clothing,31.51,337.78
868,ITEM0000000868,Product Name 868,Clothing,207.59,558.57
869,ITEM0000000869,Product Name 869,Furniture,272.36,663.99
870,ITEM0000000870,Product Name 870,Home,122.59,59.14
871,ITEM0000000871,Product Name 871,Books,277.08,496.04
872,ITEM0000000872,Product Name 872,Electronics,183.61,433.33
873,ITEM0000000873,Product Name 873,Home,412.83,628.84
874,ITEM0000000874,Product Name 874,Sports,103.84,35.48
875,ITEM0000000875,Product Name 875,Clothing,320.9,977.29
876,ITEM0000000876,Product Name 876,Sports,422.67,315.27
877,ITEM0000000877,Product Name 877,Sports,238.12,895.93
878,ITEM0000000878,Product Name 878,Home,50.11,548.68
879,ITEM0000000879,Product Name 879,Clothing,188.66,387.63
880,ITEM0000000880,Product Name 880,Clothing,225.66,270.66
881,ITEM0000000881,Product Name 881,Sports,135.38,838.71
882,ITEM0000000882,Product Name 882,Books,35.51,754.71
883,ITEM0000000883,Product Name 883,Furniture,52.87,671.46
884,ITEM0000000884,Product Name 884,Garden,273.02,971.0
885,ITEM0000000885,Product Name 885,Books,117.62,70.37
886,ITEM0000000886,Product Name 886,Sports,410.11,424.45
887,ITEM0000000887,Product Name 887,Books,345.1,937.0
888,ITEM0000000888,Product Name 888,Books,441.42,481.5
889,ITEM0000000889,Product Name 889,Electronics,200.43,855.4
890,ITEM0000000890,Product Name 890,Electronics,253.54,901.45
891,ITEM0000000891,Product Name 891,Garden,287.89,982.93
892,ITEM0000000892,Product Name 892,Clothing,64.54,759.62
893,ITEM0000000893,Product Name 893,Clothing,474.79,175.49
894,ITEM0000000894,Product Name 894,Clothing,405.19,134.92
895,ITEM0000000895,Product Name 895,Sports,43.79,686.29
896,ITEM0000000896,Product Name 896,Clothing,498.65,630.95
897,ITEM0000000897,Product Name 897,Garden,299.55,326.55
898,ITEM0000000898,Product Name 898,Furniture,457.52,76.34
899,ITEM0000000899,Product Name 899,Sports,280.4,556.53
900,ITEM0000000900,Product Name 900,Garden,141.72,463.58
901,ITEM0000000901,Product Name 901,Garden,11.12,703.41
902,ITEM0000000902,Product Name 902,Books,263.67,425.4
903,ITEM0000000903,Product Name 903,Sports,79.07,570.93
904,ITEM0000000904,Product Name 904,Books,380.4,940.25
905,ITEM0000000905,Product Name 905,Electronics,283.53,109.98
906,ITEM0000000906,Product Name 906,Home,434.4,881.33
907,ITEM0000000907,Product Name 907,Sports,135.75,658.24
908,ITEM0000000908,Product Name 908,Books,306.44,47.09
909,ITEM0000000909,Product Name 909,Home,204.47,622.06
910,ITEM0000000910,Product Name 910,Furniture,348.36,48.39
911,ITEM0000000911,Product Name 911,Home,346.8,58.8
912,ITEM0000000912,Product Name 912,Sports,460.81,898.06
913,ITEM0000000913,Product Name 913,Electronics,172.24,795.72
914,ITEM0000000914,Product Name 914,Home,143.77,496.7
915,ITEM0000000915,Product Name 915,Furniture,344.0,972.77
916,ITEM0000000916,Product Name 916,Clothing,71.52,974.48
917,ITEM0000000917,Product Name 917,Sports,388.15,327.66
918,ITEM0000000918,Product Name 918,Furniture,211.3,649.1
919,ITEM0000000919,Product Name 919,Clothing,223.65,914.3
920,ITEM0000000920,Product Name 920,Sports,371.77,761.9
921,ITEM0000000921,Product Name 921,Garden,190.09,65.64
922,ITEM0000000922,Product Name 922,Garden,83.69,318.01
923,ITEM0000000923,Product Name 923,Books,204.68,782.71
924,ITEM0000000924,Product Name 924,Books,440.27,38.66
925,ITEM0000000925,Product Name 925,Clothing,438.21,208.72
926,ITEM0000000926,Product Name 926,Electronics,128.5,461.88
927,ITEM0000000927,Product Name 927,Home,353.79,281.24
928,ITEM0000000928,Product Name 928,Garden,234.79,402.97
929,ITEM0000000929,Product Name 929,Electronics,342.18,249.52
930,ITEM0000000930,Product Name 930,Sports,299.05,185.81
931,ITEM0000000931,Product Name 931,Garden,239.92,555.82
932,ITEM0000000932,Product Name 932,Home,85.94,895.55
933,ITEM0000000933,Product Name 933,Furniture,416.28,99.49
934,ITEM0000000934,Product Name 934,Electronics,196.35,171.28
935,ITEM0000000935,Product Name 935,Books,391.02,222.18
936,ITEM0000000936,Product Name 936,Clothing,325.45,680.92
937,ITEM0000000937,Product Name 937,Home,327.54,518.15
938,ITEM0000000938,Product Name 938,Garden,391.25,769.9
939,ITEM0000000939,Product Name 939,Electronics,239.68,140.99
940,ITEM0000000940,Product Name 940,Clothing,302.57,18.38
941,ITEM0000000941,Product Name 941,Home,306.13,943.57
942,ITEM0000000942,Product Name 942,Furniture,483.68,646.31
943,ITEM0000000943,Product Name 943,Sports,448.26,853.07
944,ITEM0000000944,Product Name 944,Sports,129.74,472.03
945,ITEM0000000945,Product Name 945,Furniture,262.72,627.37
946,ITEM0000000946,Product Name 946,Books,55.64,516.4
947,ITEM0000000947,Product Name 947,Furniture,483.41,840.98
948,ITEM0000000948,Product Name 948,Books,325.43,612.96
949,ITEM0000000949,Product Name 949,Home,343.78,486.92
950,ITEM0000000950,Product Name 950,Home,494.24,644.19
951,ITEM0000000951,Product Name 951,Garden,142.06,659.56
952,ITEM0000000952,Product Name 952,Furniture,152.9,158.43
953,ITEM0000000953,Product Name 953,Garden,123.95,66.21
954,ITEM0000000954,Product Name 954,Garden,402.17,604.03
955,ITEM0000000955,Product Name 955,Furniture,163.19,148.53
956,ITEM0000000956,Product Name 956,Electronics,329.42,997.49
957,ITEM0000000957,Product Name 957,Home,453.92,410.55
958,ITEM0000000958,Product Name 958,Furniture,22.48,710.99
959,ITEM0000000959,Product Name 959,Books,408.93,349.74
960,ITEM0000000960,Product Name 960,Furniture,115.07,539.29
961,ITEM0000000961,Product Name 961,Garden,240.49,941.26
962,ITEM0000000962,Product Name 962,Home,256.12,846.97
963,ITEM0000000963,Product Name 963,Garden,330.52,562.67
964,ITEM0000000964,Product Name 964,Home,53.31,136.66
965,ITEM0000000965,Product Name 965,Home,363.97,563.44
966,ITEM0000000966,Product Name 966,Clothing,473.73,900.6
967,ITEM0000000967,Product Name 967,Furniture,49.2,361.73
968,ITEM0000000968,Product Name 968,Furniture,436.36,426.27
969,ITEM0000000969,Product Name 969,Home,188.98,589.71
970,ITEM0000000970,Product Name 970,Sports,426.35,475.83
971,ITEM0000000971,Product Name 971,Garden,319.03,584.51
972,ITEM0000000972,Product Name 972,Books,40.25,890.53
973,ITEM0000000973,Product Name 973,Books,64.31,683.89
974,ITEM0000000974,Product Name 974,Books,152.69,63.52
975,ITEM0000000975,Product Name 975,Garden,79.64,992.42
976,ITEM0000000976,Product Name 976,Home,207.55,573.71
977,ITEM0000000977,Product Name 977,Sports,75.9,863.77
978,ITEM0000000978,Product Name 978,Clothing,390.58,492.71
979,ITEM0000000979,Product Name 979,Furniture,493.39,320.28
980,ITEM0000000980,Product Name 980,Electronics,7.33,280.79
981,ITEM0000000981,Product Name 981,Garden,387.9,580.52
982,ITEM0000000982,Product Name 982,Clothing,247.34,765.93
983,ITEM0000000983,Product Name 983,Electronics,69.06,439.37
984,ITEM0000000984,Product Name 984,Sports,204.68,965.67
985,ITEM0000000985,Product Name 985,Sports,7.31,538.44
986,ITEM0000000986,Product Name 986,Furniture,189.69,23.94
987,ITEM0000000987,Product Name 987,Home,379.64,535.72
988,ITEM0000000988,Product Name 988,Electronics,339.99,630.42
989,ITEM0000000989,Product Name 989,Clothing,117.0,878.22
990,ITEM0000000990,Product Name 990,Home,68.82,389.71
991,ITEM0000000991,Product Name 991,Books,156.53,74.63
992,ITEM0000000992,Product Name 992,Electronics,152.61,297.92
993,ITEM0000000993,Product Name 993,Furniture,262.54,528.88
994,ITEM0000000994,Product Name 994,Sports,444.55,995.52
995,ITEM0000000995,Product Name 995,Home,498.09,495.28
996,ITEM0000000996,Product Name 996,Garden,98.27,948.6
997,ITEM0000000997,Product Name 997,Garden,204.68,236.13
998,ITEM0000000998,Product Name 998,Furniture,492.52,219.08
999,ITEM0000000999,Product Name 999,Electronics,296.9,177.29
1000,ITEM0000001000,Product Name 1000,Home,357.0,794.21
